"HolderAddress","Balance","PendingBalanceUpdate"
"0x0036dbacf60c73f0351e33a7f2443725bc66d404","1.1E-15","No"
"0x0052a2d76dd59d85c55c3baa03c2fd0245e4a9da","46.47138759109","No"
"0x00bd3bda43483af368de8b7ec6568437c7bb319f","8.74E-16","No"
"0x00edcd653d9c6f0296557273027e4b2320e044d4","1.956E-15","No"
"0x0152667429adfd3ecd2dd6c3d3cfc1e669e67309","2928.13709610566","No"
"0x015556f5564709cdcb6f551c14c1820eed2ad6e8","61.3280288651441","No"
"0x015c5fbc1f31ad795e4b264ebb7c71fc647a44ac","9E-18","No"
"0x018247f1860ec1ea6966a47a2c6c61d41b770db4","826.565428077154","No"
"0x01c59cd3caa821cebf9d4958a5d6ee0f66d720d1","20.3065468087482","No"
"0x01c9d3e05f5eb89a666ff5c93cc6d44e9d26fc6b","8945.70171222443","No"
"0x02a8f422e4623cf409b2a1a64a603b16357ea9da","5.63292840464892","No"
"0x02d4bc45e55f325a0a20f5831b60e1f55918aba8","13341.1547926973","No"
"0x02da6e2cbcc167182f7e3fcc9ec05d916de78f3e","1001.44398553722","No"
"0x03adb00fea68ad30e27c97e75a27b65e134aaad8","15.2660924601418","No"
"0x03b3d42950a39ce68b68b88590c8baa6aa277070","1063.94125369109","No"
"0x040412efcebadf9de5394eda082797ac955894e3","10000.7875601372","No"
"0x04316ac97c9b3518fe2b4a3c76a98aef59154d8b","6.90402091039E-07","No"
"0x04707d3c4aa804cb7c4cc94fb4801d6cbfc2968f","25.3499069425222","No"
"0x047348f393d2ec3cf613259d43d7bbd5b02b821c","111.864111307742","No"
"0x04877e617696929a3a36276053154cf7a64415ba","8111.2060724641","No"
"0x04a71a3ba3b400981bc9538891a9e65d37675dd4","1538.71494999718","No"
"0x04a776fb152a625543eada28eb7bb7f5d4fce634","25780.0990982615","No"
"0x05c2317a6d483d9108be0df1240b953e0b0ee9ea","8.38033980692E-07","No"
"0x05d41e32c51f78d751d885f788a797f6858b92f5","16.2247605804436","No"
"0x060d20e792a51a7baddd46e5f3e19ff11a46ff92","41.0631533172225","No"
"0x061939f9fa0bb160314833685467a1927680576b","31430.735","No"
"0x0675ba2a7642b8b5bf282141b8d21304837a2efc","7.4E-16","No"
"0x069eeeaa896780e4c1ffd283873e3979e4224569","65.6185708178352","No"
"0x06c6be5bf5cbd09c18478b09dcbf7b623a1c368f","160.29256745874","No"
"0x071268cc88b68fc9bb31f726a499a27859432e0a","78509.3112848993","No"
"0x0740655604a8d15dafd78d4dfb335f4e8016b369","66.8723920053096","No"
"0x07759bfb542723b5a89c5a927720bb8c299cd206","9.16184466148E-07","No"
"0x078002682ab86975b9f54a73cf0418ac1a7a6e1f","5.62668703392E-07","No"
"0x07b8e708db091892a897e87c57aed0a74404c986","49.8329926362272","No"
"0x07d94adf04c3a4eb8632408f416de546f59c147d","4.05148631061E-07","No"
"0x0895eaa04f68fba6b334c9fc152ed9b8187c4608","2404.47781850895","No"
"0x094e551d81253c5b4e172dcbf2a212574fef8f30","892.551459222144","No"
"0x095ed7ea4273a81d5e4bca71f3596a7c3e42f719","7.3E-16","No"
"0x0971508fd715704b3abf6a7f11c45c1ddabaf73f","0.529289376984964","No"
"0x099be958c17c40491d6d7f08a79466b67677ec6c","5.99E-16","No"
"0x0a518e4490f2e89a705e0866a07a204119ea432f","49.3397738164669","No"
"0x0a9848ba98ce9a428837f85c44e3c8a64a54572a","3.57886159085E-07","No"
"0x0ac46ba419291509cf3d90b6018233fdeb268a16","8.97826143953E-07","No"
"0x0ac7aebe9dc301e0a85d12d2b8cead53bc02cb26","9.5E-16","No"
"0x0b7982f46f4bd3afed306a44269c78723ea3ae23","3.27E-16","No"
"0x0c2737c678132f5eb73f7813bbb667e7e9c76677","8481.36014099731","No"
"0x0c2a90757785e112fedaf30e11c85c44c9a9968b","19.0064193228915","No"
"0x0c63b9dfa48b10654b45fd88938be545b97b8199","8.12E-16","No"
"0x0c682df6ef081e2a8ad31233a4e20b9a4eac9650","0.00344","No"
"0x0ce721f63a8cf43a145cbba9680a51014a4e2e9d","1000","No"
"0x0d08aaf482ab53391088971f1e8aa1d9e5e4fe33","0.0113508852768759","No"
"0x0dd39ef166bcc021845541abd1e9d4e704175600","64.5338698066115","No"
"0x0de49a0983190d1feadc8ff5db8e3ed7c7f61914","1038.82179118466","No"
"0x0e14674d225b110b26a44f72bd4fc4db44e1e0eb","8E-18","No"
"0x0e2e091221b1d79cce17f240515443dc139c7d90","4.48E-16","No"
"0x0e9a7280741e9b018beb5fe409e6e21689f3b8ef","44.8687055002639","No"
"0x10050605c8b2fa2d9bf10a6e4ff09a40ed732997","5.36E-16","No"
"0x105badbbd9fe1ea1039dcaf217b5537c7bd53c20","50","No"
"0x109cbdcf9e4f6cb9ea56c810bc26f06f8b1f399f","4.43E-16","No"
"0x1111111254fb6c44bac0bed2854e76f90643097d","1E-18","No"
"0x113054567c1e1d6bc581515d6c002b74ed852c6c","0.414239563187646","No"
"0x115f037accd976ee9e7fdda30c854d3bd38663e8","4.239E-15","No"
"0x118fb363e9e34e4ea7f7a1389665e361207399ab","0.237633260204696","No"
"0x118ff8c787239fda45603253adcab53652d6e6c1","0.09018100525","No"
"0x1223f9446ffdb6b35c2af3d81c0e7c0171965bc7","6.19E-16","No"
"0x134153216e0f6d39ab8ddbd40a17d7f2b7af9d3c","474.976530663116","No"
"0x1341df844780b66af4ccc98ae0f34be87eabe1d5","0.200065330328942","No"
"0x136448853c82a08cc4ad38fe0637cbf2085f9a3e","258.980712652604","No"
"0x13e57af95566537ded911fed6a40d7bd2d86b489","1200.02754857612","No"
"0x1426111cafe912c0a19a23e8771e32e8a77897c3","53.0976148717572","No"
"0x145637f0366864881cd8eaedeedd1ab39c5cd6f8","5.81060192273414","No"
"0x14b1b3ff91525dd00e8fb8ce000097ce7d1cb251","1757.17254508682","No"
"0x14bfb279919d213f91478aef72035fdf717c5d31","6.125E-15","No"
"0x14c72f29f978cbf35cbefd6afc3b5cae282a6d94","1.185E-15","No"
"0x151cb1a5d7a8c491d9586bcc019b1e654d9583e3","291.28795527379","No"
"0x151f6285d5f64e491ee5f2c059b1c0e15b12d4e0","1.1E-17","No"
"0x153b4f4f2c6c284f844a53eb2e097d23b7bfa4dd","0.0297042339748582","No"
"0x156574ab431a5819e2a10e3933c20ae01af7e862","2200","No"
"0x157a66678ac7b3fffba6f3fd688186d7414fb5ba","12908.2636149785","No"
"0x15858fb53c8aa6a024cce669bbadcdcaddfc1ad5","101","No"
"0x166af06912fdeecad31cb2abb6446eba7f5c33fb","1.6405286856062","No"
"0x172b995f86817150f96558d4bd7f5001a9bb2b8e","1.55E-16","No"
"0x179916c07eb0f064640f4fbf2acb55e0543feccb","2.20603182689925","No"
"0x17f034fa50a0fcbab052ca51f7a307f97b7c5e4a","7.549E-15","No"
"0x18287333fd90b44fb7eca4f3848b1b6c1a727350","7.672E-15","No"
"0x1855ca2c1bd691f0bba30303bee8319be5e328d1","80.8131964952336","No"
"0x186cea13a0a642657722e740083bd51974235aa7","1.274638948E-09","No"
"0x188de66885b0c4b13392f58eb46339c0b22beab6","2286.0292590869","No"
"0x18d4cc2ef9b3217105f9de1d067ab4655294a95b","361.010954998087","No"
"0x18e35910c8e61fecec91196f81061394a9e522ed","1000","No"
"0x1941f0ab39dbbe69855fe819991e6dac2bcc45ed","7.30066042535E-07","No"
"0x1945372c0074fdf6f89d27e4d477b7d9ad6ed9d7","6.06E-16","No"
"0x1967b8a305c152898ca71e035891b6bc9e176737","7602.42559954577","No"
"0x1995b18f87ef0173e1166e61e6ee53b7139efde6","2638.40475938567","No"
"0x19c85844deadb1d919da5dd1477b843bc5463c7f","504.138081833191","No"
"0x19f8238f6f322120850bcf616aa0819d7a1105fa","200","No"
"0x1a190aaaa4733cdcaa03f233537c0bb20e06fb3e","312.674407028685","No"
"0x1a24f8d8a2ebc185d4e39b8a4916c57839eb2eb3","22.1562433110964","No"
"0x1a394e1d9c95ce9912f2ddd6dd0fbd0e766b7326","17911.6733691895","No"
"0x1a4df1299590605e2800f289683f6df5a81cbc74","5.317E-15","No"
"0x1a77abd08956b73ab2fd7d9a2c25fac53495bef5","3203.22877355569","No"
"0x1ab4883210f9a17b3a2e21af94a9297af890fbe1","2E-18","No"
"0x1aee81c0fe3ed4bc9dda7e6666b4588578766bd8","0.878834584424034","No"
"0x1b2b541836cda779862dee9d42f1b150866b03a9","9.95E-16","No"
"0x1bfd08c135cb19d4177fbc6d5ada9dfb7795ea98","547.69793139498","No"
"0x1c8431aa22ac55bb09c39d6493bffeea78dbbdfc","1E-18","No"
"0x1cae301fcb184fbbfbd51448872235a4fbe88b91","999.620209049998","No"
"0x1cc63914c76954f8df4e198885be8f4bdccde212","4.227E-15","No"
"0x1ccc30a58dfffc6934592fa78b5ec1bf83cdade5","0.02350512249974","No"
"0x1cf48e8f99acca12c9a71f1162ca62f902cd5938","4.7942E-14","No"
"0x1cf49a2c24656ce6be770c92f2cbef871a247f51","7359.98220569704","No"
"0x1d086f71585a2b0b4d6813781c5fdfd1fbbef015","4.21095414427127","No"
"0x1d08ef2720bd19e06637db7c98159660058f2d5b","18.1788374909763","No"
"0x1d777634e65cc2fee82fecbd8019eda62036a212","9782.4212046232","No"
"0x1db5fb7005412b6e593a9b28afec4c7430b1e812","2.81316600715E-07","No"
"0x1de73e041de47ad56c698d3951638152e0ca8fa4","1911.12","No"
"0x1dfe31d299eecaae5c3bfcb82ab4c0bb952b4831","8E-17","No"
"0x1e5785393c7d5a876a76a881d1e68a2ca8bb8f23","1933.28617736742","No"
"0x1e6cbc2edb809a3a8ade4cb2f229b30c35ef193d","199.233078896779","No"
"0x1e98bacbcaa014132074532984e1c2a71f56631f","0.0618260156542813","No"
"0x1e99fdab1d04f51f99b088c64aed98fdc4d1847e","0.0673991245640329","No"
"0x1f5b2e5ec5771226805d90299d527b1492b422a1","1.46E-16","No"
"0x1f74a5a876256074d589c90a6dc06c04c14f6f44","7.76E-16","No"
"0x1fb892050c1dea5715c1ce90c9231d0c7b67ecb1","5.40070658966E-07","No"
"0x1fb9580e0b19956b90351c825ae7819f1ee0257b","10","No"
"0x1fff2fb14c49a0247fbb55b881716f9dd964cfaf","164.933136721734","No"
"0x20ac2c094c6f923c6e7b5f7f96e386e5b3206262","0.0360084248450203","No"
"0x20dd72ed959b6147912c2e529f0a0c651c33c9ce","6324.76035993166","No"
"0x2153484dad37064c08c80839162d6fa02900be28","15.5202306296375","No"
"0x218eeb438fbb4d7e1e2d01cf54dcac570a00d3d5","1.9E-16","No"
"0x21fd4ea08e5bd02b86b95b778a866afc659671d7","0.371817214366402","No"
"0x22302d6e072ffe967e512ea7ea7171aab221da76","162.107588832732","No"
"0x236c2b432044da8c93d366462fb140239dc17d25","1.17E-15","No"
"0x237f1cb9c39ff08d7c3127749cd82e2967fb38bb","19.7089187074652","No"
"0x23c5950b5c9e6aafe77db1ba71fb7766e14a139e","721.828697086073","No"
"0x23d33f56edd0d6772dd0eb056c0e25e09a8657b3","7.45E-16","No"
"0x245bd9ea138ee25f19052264691eb14b846a26ec","9.09E-15","No"
"0x24ab8cc12166d289234af8239732cd5a89e41d3d","3.5E-17","No"
"0x24add7ff706483cbef256627827bb2636b86ef05","67.4783755922015","No"
"0x24d521fc31f2ebceb2bef9c09de5510e3228c16f","4.58843024872896","No"
"0x255d821f1b1cf0cbaec2ab89e25ff1e1a75bad83","1016.72978142822","No"
"0x2564f9430647938cb8b206bfb77cef190ff62672","80.5317276584257","No"
"0x25d0c05ce0d0e158654f862a0e3257354bd2f27c","1.16E-16","No"
"0x2652e8168b04c2a93d83abdbcc77b33a30425d7b","1.01000016745653","No"
"0x266d6bc2262cc2690ef5c0313e7330995c15eedb","1.84E-16","No"
"0x26866093247471273f57eeb5420133994e68314e","6973.97898652736","No"
"0x26b21138f9dbbfd9aed8f8833eb0756a8aa46393","2000","No"
"0x26ca86ef1f33f187f51087b004d2205df75c824f","6E-18","No"
"0x26cabc7528854005635a7f29c6929a691bbd07ef","1E-18","No"
"0x26df9377c4fc2f35783c57f541452ba95cdce477","9.71E-16","No"
"0x26e138a960cdd3d71fb700bf0818dd3dba86aef4","4.26953555497442","No"
"0x2767efbe21d8893383f373892dcb0786d9aeeaea","1.1E-16","No"
"0x27c27cfb0e14ebddae33f4289fd3d889b513e895","7557.5052019862","No"
"0x27df8590c11f2e5e7b0d0e00ac8f39afe0ba127e","2.54938693325E-07","No"
"0x27fd393cbcfaf30d5bf7823d9f53e41fceb22bc1","34850.3471002984","No"
"0x28ae278b0c7df8790b3de2066515eaec2704a0ae","590.567912595438","No"
"0x28c3876055a75630292a6334a4dc835fe15edc91","5000","No"
"0x290f8ca07e44dd97858eed7f04a5f5cd2026865e","6.595E-15","No"
"0x294803520a1e7b671c105c8a3d94836f40b2b557","1000","No"
"0x29d3bfd3952a24f221bf1bb3410de76baa101f13","7.47823202321E-07","No"
"0x2a01d7671b4c99a28c58b32e94810a793f49c9c1","9.14E-16","No"
"0x2a0bdd6810204fc703499424020c449eab395ab3","0.512481619734969","No"
"0x2a180128728cd5ff847f0470db233ff3bb3035fb","7143.58","No"
"0x2a1e2f290871e875bbed63b8796dd33f6363eff9","0.1","No"
"0x2a520963f332c347c83a6e20f4ca33e2f24b6305","202.793308212942","No"
"0x2b39694f5014a06773d8bc491715c2fe81d11668","5E-18","No"
"0x2b6dbeed1922761554b9c4dbbdc0f31ed7ae56c8","2.25187894E-10","No"
"0x2bc1871fab38a934c405a1670c06723988db5448","3.4642019698E-08","No"
"0x2bdfd0c77ecac63fabacb225fde5e3e078a4eae3","29345.7159096448","No"
"0x2c08ed1e9a1ba30a831cad2accb65cb9ca8c09a3","9.53E-16","No"
"0x2ce210fdef50789a4a067983a43ff70db66dfaa5","5.12E-16","No"
"0x2d7cecdb0595f89b92a155e1170e0c2768accc16","0.30467534713728","No"
"0x2d9b54a0c8768f8343f54c37594e35d7e69b8e3f","160.05299129907","No"
"0x2dcbe6c0ffd62d70cdb58e28af1288ce358ec664","39.8489982246274","No"
"0x2e945441a061fa5bfb52a66654332dc62a48bb12","503.559132872978","No"
"0x2eb73cdf547e81789edd0d2670ae8bf045d52e0d","4.161E-15","No"
"0x2efc5f1868e5c8f626aca2ce42c4253aa9cdec12","2.483E-15","No"
"0x2f88d0370f71a95a70a593b074256efb34e65fc5","0.00526176715216133","No"
"0x3047952d69618fa29355311b187918cad0f8fa4f","2.4855157792E-07","No"
"0x305380189120f3e67e02939b46366fd7f413d25e","62.9113117434997","No"
"0x30c613d8e9371412afc7aacc9646109667c2e071","8.78E-16","No"
"0x3177aafe3fc45cd83297850e62cb69195c0aea1d","8.84E-16","No"
"0x319346eb63054ac5e0f4012dcd2d7a49a4382c7b","200.000000743222","No"
"0x31999352548886b1f5fc47556c434414ca49f6be","515.185990815173","No"
"0x33341872e4cdf86d1cf191a1896718695893ee84","3.5E-17","No"
"0x33349c2180e0d31a46279a789e9c43d472827d9a","9247.58993730363","No"
"0x3441a7112411c98de8c197c0f5fc7b715b53c03b","7.04064933247E-07","No"
"0x35d25b8bf5f72c9e862433805385908ddebeebc8","5558.07186162833","No"
"0x35f9b8400d9181cc4db88361ddf135bf0bec0b03","2.81E-16","No"
"0x3612c36f6cfb2d07b4cf9f5d1b0d9b1c2970c46d","1.78E-16","No"
"0x365203b375f72b1e02bb6e51bd07bbd46a7eb038","10","No"
"0x365a0ed34d27af39680ee6434fbb82b3517d6a9d","108","No"
"0x370e3f6d16400b8c2c8008b673bd294d9a6c4521","9.6E-17","No"
"0x374e487fc6a26072b132f794632228fe613c8100","45254.8886215572","No"
"0x37f5bf1a9c9fbba742fc2abe0dfb63607ff3efef","3.756E-15","No"
"0x3822449fffc4ff235438610bf281f890302cda54","4.3E-17","No"
"0x383697a7fef14483920ba9be57c26115383d1dda","3E-17","No"
"0x38655f2e859960f3cc10848777982faba3451ec7","3683.08133982132","No"
"0x38adbe49dbd4d82c761b54206876595f839e071d","13054.2237974369","No"
"0x38e7801b2ef714fb6d1c710c25eb9ad97b67dfcb","1311.92248741643","No"
"0x393af0156eb3bea82be5edc047aeaf9233e4e727","1041.07796458835","No"
"0x3a238952e78a3a9d6b43ea25d18cb44abf868644","1241.02574293902","No"
"0x3a3cbd8556d60562d410a5cd1881e95bfcdefe62","1067.54987706572","No"
"0x3ac773d1e8905d900fb356a921ff2f68e58f6514","25","No"
"0x3b3a21fbb9858ead9f9d80d1511a9baaf0a5d776","92.4751608305753","No"
"0x3bac6de48b10b51184faba45547b942039772355","5.2E-15","No"
"0x3bc245c0ea091959f7ec8d70c76ee3230d91d395","0.292341077927231","No"
"0x3bd0623bd490b8bdb7e6e0f54a09b84f39389d63","12962.5658429778","No"
"0x3c503c0c2e1476efdf69cf2dcf65b64d9da0c8f3","1000","No"
"0x3c5aac016ef2f178e8699d6208796a2d67557fe2","8.647E-15","No"
"0x3ce10276fede97a8cbc584d3429e23e6a69179a7","75.0736371582549","No"
"0x3d0dcc80999441e173d55b11c0d2272656d13d1a","32006.7987515766","No"
"0x3d586f257c7c9b84660293701d50ba08a92f925f","3.94E-16","No"
"0x3d5dfe8b4a6b9e6206ba6343e87bfda1f4dc48cb","3.686E-15","No"
"0x3e567ffd4a3d3f3af23672096ee1606d9957bf7f","4.778E-15","No"
"0x3e590fbb993bf1e97f04fe615c64bfa37dd84999","4.20621085274338","No"
"0x3ec10a7cdbd1f60b7095b2abf66d4726589c4c95","1.18843145820848","No"
"0x3ed4b701620564869ad2b1fbec2b52d87240a990","1.51737797598319","No"
"0x3f129878d8bbef25eb3ae394b909aadf5142206e","247.815962352662","No"
"0x3f74f0bcc766c522f8ddd1e43a7193bdf94edbce","4.42482028567E-07","No"
"0x3f8143fd5cd7d6b33501d9debea8b2ad9e7b1ac5","8.60976571635E-07","No"
"0x3f9dbc307edc7ffe6aea46106195edd319aaa8a1","2.273E-15","No"
"0x40054e510436de76e048b590aac9c114d8221296","11.458008433775","No"
"0x4051f2cf5fbf0f23f2f2e105327e1ccd03fec2ee","0.998537049193038","No"
"0x407ad0f23f5ded868c5d10569bd73b06261f5556","2","No"
"0x40f1c23cd5eb294c2994137eb6915aa52f11df78","0.719778882385586","No"
"0x417230caa2b1127a4fc67c488484cfefe68bb6da","1044.43","No"
"0x41c36af0f0dc89a70b0ef9ca5f8f567aedba2a0d","6451.49197524276","No"
"0x41f7cdf33466ea516f4fb66eb7ba7bd4ae4d1056","1788.9539605995","No"
"0x421d0e6c5bef10b17e871747d808bfbfe9b3ae27","9.38338281010403","No"
"0x421ebfbc1524535c7f085afb61eae0fa135ca689","4.8E-17","No"
"0x42c28a2a06bcc8f647d49797d988732c2c613ab1","848.783976869461","No"
"0x42f196083de0e24d220d179ba2e2859005c0a5a1","3.01E-16","No"
"0x43eb557c4a4cd57510f388b85a2340b548addfe7","1000","No"
"0x44783e25ff4fa741308dae10381d465e843630a5","9.508E-15","No"
"0x44878d12378f8ff920b039a17ac840743b405641","0.0234373270867562","No"
"0x44af58e9ee170bff3f09b224110620dce521dbf7","6.88051363576E-07","No"
"0x44d19f3da0fcb4b4dd4baaad77ad35e962f6b921","22.7337193409435","No"
"0x44d60c43aa495fa89c13efa2b5be734a12367f5f","1530.71817667891","No"
"0x452eef5b538e3fed4fca31326678a0a51e0e335d","4.037E-15","No"
"0x4536050a723154758401f7d3909c4c8ca27b9ad9","7563.32569790378","No"
"0x45374f892a42d78536e39a5470706b51e4dfbdac","671.552923950715","No"
"0x45cb9655f26992eac712ae5409b4079781968479","77.0299442638695","No"
"0x460a99e23c7161fc2f00ae6138615c4c22823d4c","18833.6669652554","No"
"0x4679d674d22f72ac0aa045d8138a269202aaa2b5","103867.341674681","No"
"0x46d6373aa602c612ffc4ac7e292c8092e0b1517f","8.58E-16","No"
"0x4776ffdd2095257cff6f4000866273385c57481c","1.2E-17","No"
"0x47bed7a55dac1268c11dcb1121d1f8a69fd02c6b","2.1787E-14","No"
"0x4863fbcbad031b9fdbb8e0b6374afd719292ea17","1.66221109684E-07","No"
"0x491b7c1b4f3be6567aa905925d1c884378f86faf","847.505451416946","No"
"0x493018b949031bfeff024a7d977a794c23788ea5","2.20037198027E-07","No"
"0x4981498025abfb93c0325a19296534bbc93db08a","9.10957896807E-07","No"
"0x49c2ed50b26c0489449a94f804a466fcf5c78a13","8.02E-16","No"
"0x4a469159cbd19ace724f245b1b489a838db9fa75","2814.33575429232","No"
"0x4a7c724ddaec352730d3c744b94d02a1f0bf9eb4","8396.97","No"
"0x4ae0569c52c76b2ed89db7ab8bc56784db01b6c4","128.533593788754","No"
"0x4af2267a69d56358d0a861b4592f2bf39036e4e5","0.202745474722517","No"
"0x4b285583b9ca24685227fcb1c03ea1e77c4656d5","9.373E-15","No"
"0x4b2878b3d9dec4894d19ed3bba03077adfab87b5","1000","No"
"0x4b3b9ae2268f39b5007e47277aca0f41ec96a810","1.78723590416575","No"
"0x4b669930f198758b1dccbd9f7322131843cb1fee","657.145941235466","No"
"0x4bb12cc382e36b4b6faf7bdca7708969aed258ef","5.3E-17","No"
"0x4be95985611a689f542c538bc69b68dd980fea66","7.05E-16","No"
"0x4c05fc0a8871e781d1609bb84e64828fcfa3fc8f","4102.22960816064","No"
"0x4c1a0791ec9407aaefb4fe732490353712c9e67f","800","No"
"0x4cc9761b39900c91043ecaa6369acfae0153e87f","8.84E-15","No"
"0x4d0575479d78e628885ac77a2048863b6df9712d","0.0129329928948848","No"
"0x4d1c1580b9ab55210041c46a60cf5d970be52c23","7E-18","No"
"0x4d2154565e0d44c42503c4cdc1c4dd4e60a02f68","7.8E-17","No"
"0x4d21c73c49e11e45c9aa55e57b463664f4289254","5.20231533852E-07","No"
"0x4db24e856f34485bd5ae33e3885cd2e78f6ad252","6.2E-17","No"
"0x4de1e43619901f84be63fabc23e56109e8288888","6.3E-17","No"
"0x4dfa40fdaa7694676899f8887a45603922609af4","4.34173572601568","No"
"0x4e07b51aee406f38fb800e81f1c1817349a5d00d","5798.25","No"
"0x4e07ee58687a0c080f091a9dd937286ad43946d2","62.3063385920649","No"
"0x4e34dfdd47da075fd0b57d31693901120408054f","1E-18","No"
"0x4e93fa03afbae1d171189be4878a101113499a7f","0.0132390936608441","No"
"0x4ebce12ff36e8781b0c699eb92978abcc4556ce2","7.662E-15","No"
"0x4ee54c65e80cd7754a09c68c9d7255855de5b319","2.115E-15","No"
"0x4eedfa535a22f63f982f8feac424a06df125f8b3","0.858327192622231","No"
"0x4f16c6763d636cccad0ad4897085573359caa9f2","126.559880001172","No"
"0x4f2195a538760387b61df4abd8efa158fb0be47c","503937.682039264","No"
"0x4f717fea71e014d756cfa07177d95fd750465e82","3500.00944960136","No"
"0x5063fc9d759b5b03dd5fbc0b882b5f68cf881c32","2215.77931492844","No"
"0x50914f72e89f487eda04e934ce54318ebd77a80f","4.69E-16","No"
"0x50b5944e427e0c7d06fde5f3abc6b14a922ddd9e","2075.88145108821","No"
"0x50c87700c30d4bb5f6822860cc5e49501c4575b0","116.813791752851","No"
"0x50f5bcab6902a2d44dc55527ffc0a875d846d270","8.47E-16","No"
"0x513da4a12d9e42b6b3fec554fea9e38a2525e4f3","4000.00098966696","No"
"0x51621e29bb024b7dd34caec4181ec3bbc7201e77","50.1321889595765","No"
"0x51742ae45e426270de503c0f33aef188db512139","14.8626703849753","No"
"0x5181cdf1bb20da04ba788f82989f29e65b67314a","3.202E-15","No"
"0x52ca2dc804c9a6d7b57f53a8e48c86a575563bb8","8.68E-14","No"
"0x53e94c94bba3ff6366e6a745e8367685f0cd889e","7.62E-16","No"
"0x542b7020d9e7c40cf811d972ec8458b7177757fd","4E-17","No"
"0x556345e57b3de73e729e4998cdf062f63c436944","1.13168784030634","No"
"0x55ad3b9c1f86f8be96964040cfb4fc9fa355251d","5.34794677106E-07","No"
"0x568ca7120df70717f56d0a13e5ac1f12b193eb53","50","No"
"0x56b32744bb8aae79f34e7701e581cb6e2136e0d3","332.888203475282","No"
"0x56ceb1255fea0b3eb36c236bad813851bf403e61","4.32420118625216","No"
"0x56ebc608fd6b8f8cef2775a3ee0dddaec01a7000","285.471262859543","No"
"0x5786ce6b967ad0f8d5f10fc517a09ffd483823b4","3.79636908197E-07","No"
"0x578c7b9a45d9e55246d3036d48db262b9b3ca48e","1387.39136270615","No"
"0x57a99f34721418e3c4a054e0f7356a1bc712b8e9","4.51778432394E-07","No"
"0x584a1a4ca984541656322b2d641d8e3d578ff61b","2604.65","No"
"0x589483649827082c2275a4941244fd2f860f2d63","8.5E-17","No"
"0x58ae0118b04ad1d6429f6721397e8b9ae2ef8db4","6.42713293068E-05","No"
"0x58e4dfff1ee14fe34deaaeabaf55c8a4fab85be1","3.574E-15","No"
"0x58fa1983f7e45dda5b681f5e860b008e796f224b","88.6955","No"
"0x58fb0b6f9f77ff416814dc47d1cbb309c4492159","3.632E-15","No"
"0x5942693ffc63364cc8360cc2b00bec49851813f9","31466","No"
"0x59757aeb9f3c43bc8010111fb0672de3d3978425","185.570142674764","No"
"0x5980b54470993afa71edcfdadac8d7ed35fafd8b","8.1541E-14","No"
"0x5984bb82f11171cb1dc2287e2a6935c44d491538","15042.6738148478","No"
"0x59eb3cbead7be2d4581d719c0af92edaab2cd6c4","1.916E-15","No"
"0x5a213d99ab5f92dc9414357c12b86a6b0a41c3e9","6274","No"
"0x5a56e9ab6303794224ff8ab1c14bf2a5c26505bc","2341.50269566644","No"
"0x5a72848504ccef8473f80b602f7a3fe250b4f451","6.29695684816E-07","No"
"0x5a74ad78622d253bb1da8e3379a0c52da3c57908","9.33E-16","No"
"0x5aa6fd2a98c3034c8cd3abaa365eba83da62957d","9.2E-16","No"
"0x5acfd914f2dfd41f07f27407bd7936f43d0db167","5.611941E-12","No"
"0x5b3ffbaffc6c072a4326eb263a944ad41c8c4d3e","665","No"
"0x5b64e5df4051e7b8ee66855c62cefd8df3544408","8.7E-17","No"
"0x5b655fecb44e923dc96808eab35e95f4c915655c","9.2E-17","No"
"0x5b750a73c5c85f422bf8f9dd185c81077d6e5ee4","287.447452817462","No"
"0x5c306407cad895b7eb7b95efd57c2ea1eea64eef","5.86E-16","No"
"0x5cabfca55fb2630e981d7a0aa72485ff036f9eec","4.97947737422E-07","No"
"0x5d22db0ddc365dbdc0983441e2906d51855a142d","46275.5506112472","No"
"0x5d95ce7e39ae929fd07aff9953108f4a59aeaf08","6.0113E-14","No"
"0x5de19584ee87854cb71f13bace85768e9da5313b","924.128969069123","No"
"0x5e142fcc7674bda36cee7f82040f3008d9441426","3.518417352E-07","No"
"0x5e661ec3ea6619e32cc37f4cbc9d36e6e5c2e1e8","1E-18","No"
"0x5e9b3cdba58249abccc0c7b9f53391194a8f128f","0.20076631365796","No"
"0x5e9b423c21236ee2e0c3f36c014aa0f3fc64fcd1","1025.37265873055","No"
"0x5eae6c797ac561cb68cd7a972963069122138157","5.43311922027E-07","No"
"0x5f71d796151df4580c0cdef4699495a1753c034a","4121.48414127107","No"
"0x5fc25363974db11d88306cb5aca8b2e59230c752","1.3E-17","No"
"0x5ff92581fa55e9f03a53d33fae494385293515e6","0.0273134797595884","No"
"0x604a060d8eaa48bf10ed99b6f643557d645dde82","48.2304832836352","No"
"0x609c27c149bf3eca902044945746dfc5269f01f8","7907.4000752783","No"
"0x60bc5e0440c867eeb4cbce84bb1123fad2b262b1","0.252983304770649","No"
"0x615a7f1718b45dfc2160befdf7d9235c1b5dd0f6","1000","No"
"0x61d01168ae801afbdd01df15d01143b72a548a8e","920","No"
"0x623787f0fefb7eeeea912621f904c462dcd37095","10000.2863621986","No"
"0x6249844bdaa0f83832f327eeaea272de6f95efae","201.205328985657","No"
"0x627ecc920b3b04f3a569a8d67bc000511dfdb43e","63.2236838683346","No"
"0x63492b346334f682cfa36717e4a75754d9920940","818.323505305937","No"
"0x6353c2d25b008735ecbebe8b4382e21ef12cbe58","1000.16997212876","No"
"0x63609e25ca7128c82745497e24cc5e94459073b6","8.43E-16","No"
"0x641c6c7168f5a678baf5f1b2141f71fdef27a82e","5.7E-17","No"
"0x647bc07696b09d4798bf2f2b629f4c7a05d7126e","334.201536517214","No"
"0x648c7badfb36d2fe2b0a4834cda734733678c262","1000","No"
"0x6496687f3bb0c2de4098eb0fe7aaee5b2f05bb31","779.284254197925","No"
"0x650786a0b235e9588e628f3cea57bae429c68ff9","4.22E-16","No"
"0x65d325f83ac70dc7e65bc88fd652361a554796ad","2.026E-15","No"
"0x65edb1068a6127b9dd35baf779089f6bd48d90f7","109.724486323658","No"
"0x666df143bf8c00e91d6e43a303f2e99d57e1679d","131.419561769812","No"
"0x6799fbb58471a7c8bfe960facc28e772cc9e1663","9.91E-16","No"
"0x67ad55438d0e7fce83788493d191f8934411316b","9.5E-17","No"
"0x67bc5ae620e804fa58ad6ed6148628dc49015f8f","0.000159879854485887","No"
"0x67ebc532d648e6164a6fd726ff0b39e69180dafe","2E-18","No"
"0x685bced793d4d6e94a517fbf4623988f30da4154","70.588567539798","No"
"0x687c5a4e55c36e981791e7970f1e3555d9cdee9f","9.407E-15","No"
"0x688809debef9240baaf93ff2f61c37edde41e8b1","7.72265878983886","No"
"0x68ea422b523e871e2e31f27af08e288609bbbb38","9.033E-15","No"
"0x699d82763e727015e2a984e09bcafb7874fe530a","1200.01658574693","No"
"0x69dab3b70b6d6044cd63b233eab97b69b7031154","8.85450488122581","No"
"0x69ddb2c3533953271ccdfee9bc793f83657c7114","9.19486775083E-07","No"
"0x69e6717964273a4b031242bfcc904469ed7171dd","18552.1891475347","No"
"0x6a45168375ee0c08e8ede3e8ce083240c7bf6516","255.074861915224","No"
"0x6a56699a6540e655d9bc55e20247d003795222d6","58.9172481594958","No"
"0x6ac4192caccb88e6b2c561d069d6cc9400af4947","1.5E-17","No"
"0x6ada1274d9c79833e5e5cf9a5bd3c7d46d30b4ed","8.5E-17","No"
"0x6adc16c0ff6c736342a25e61e5406b78e1fae325","595.52168499183","No"
"0x6b884bfe5d9a556dfd7c4e9b32de435b5806cb80","2.64E-16","No"
"0x6bdc661788c492c0ba423fc1ae3edd7edd813f57","0.375589175893855","No"
"0x6c126af4021a22c9cd434c867d8f9b8510179a60","3.62945988846E-07","No"
"0x6c30d71d2c0738594de1314ddd6c6797066550b1","668.030108421055","No"
"0x6c76e4ae81b9d5a7dcf9162a33bbbcc45935295b","3.161E-15","No"
"0x6ca02b6e750977b5d78521f8631e3bc3bfd53f39","9301.32804889119","No"
"0x6cac40120df8caa99ae3e1b3fc959e0de31e808c","70.7746342787044","No"
"0x6cde214de4a7d84df4542e1ae0b7d4b2251b910e","31.812340145813","No"
"0x6cf51fdef74d02296017a1129086ee9c3477dc01","12000","No"
"0x6cf5cd17ef9f1129da38d90c0517a2fc00b378e6","3292.58450339655","No"
"0x6d75db0ba97c2f447a4206ac64de050462e1e6b9","4356.11166421337","No"
"0x6d7ceb1104b34e52c2e15b34ffdff304ac4caee6","3.097E-15","No"
"0x6d9e3045467d4cf49ccb9aab2a340b2088b747da","4.62E-16","No"
"0x6f704bae084bb9760e47372e79b99e94008903ed","4.07787264245E-07","No"
"0x6f8e021a86a99c8d1f74ca32dc0a74cd2da76473","2144.48259164558","No"
"0x6ff520e4a45bbfd0978be2cc2611f9504229f670","0.662701769811889","No"
"0x703ed92b439a6671b44dce1f16da4b359cf56bbd","42.7622035124036","No"
"0x70cbe5945215803d1a185225ff18e173b3ee43b9","399.061976309188","No"
"0x70e4b3faf13406509d391964714f4ab6a8d985ea","5569.73814264279","No"
"0x70fd76c3e5cba9a96066487744bc7d1101f89c5e","3.9E-17","No"
"0x714d9e7d098517bdf78b0ce349a41ce7a2bff86d","236.620427395325","No"
"0x719dafe0be7abf7d2b6c67eed4fa18d970d3abb6","100","No"
"0x731df231ac5b7fb3906d09c8a690996311a5081c","36368.4075177199","No"
"0x736e981812ab4ac1ce4ddd3489d03fae7ea44013","6.366E-15","No"
"0x737369f544a7edd6ddf29868f7587884bcb809b1","4.0872E-14","No"
"0x73a74b1e90c8301813379d7b77a2cfbd90d8b277","21000.4653859702","No"
"0x73bdce957b58f0ca9c6951e9d515b5f134c52231","2.65E-16","No"
"0x73f766e1fdfb6555e955039186b38108a9ea7b2e","2.0018803244089","No"
"0x745168107b9885a763056c1fd7ca2738ca94f076","0.000596185266729854","No"
"0x74809682c8aeaf56ebb6384e86a5a6fc972e72df","5.00711081913E-07","No"
"0x74906a00fc239223174de94488e5dd57771a4f5b","6.768E-15","No"
"0x749283e635ad53399c779348f474a1378c6785f1","9.4E-17","No"
"0x74e123ef0b6b4bab2e0048eece4420349de62bed","0.140695499344172","No"
"0x74f2434554066a3ce9e5e400223d74d9cb4524df","6.1E-17","No"
"0x7551572d50a90ef421144ba82a8572a8bba67bbd","175.949583516089","No"
"0x75ae2dda76aea5d7ecb0fd205efbfe989c8b986e","2.37762576646E-07","No"
"0x75d1a8f2602cfa8554ea039ddf68626b4df08865","505","No"
"0x75da83b1c5d8fd2fbd9d16c00832ee934fa1f048","5248.69506280681","No"
"0x7604a8e91e0070420a4c8286a4106f61c361ffa3","3478.7012045335","No"
"0x7635798778c3d8ea9a2fc7f28f5fa300fb2f61e1","89.6439140331767","No"
"0x766d082266670828c08522a38201359dd05d4e89","15525.593373249","No"
"0x76aca3e03691c2ec01c2a61809d1fe4763e5293c","1.12689218093292","No"
"0x76b95af51fd604916de602ac866cd9eb781419de","464.827296779503","No"
"0x775c5edbec648e67b2f04e37f5ca5deccffd1ce3","6126.60574852266","No"
"0x77640a11e0cc9a1f3283c1a09d341d47819d2a1a","1267.98896169892","No"
"0x7775f671dbafce2ae30dd2da4adcd17fd7180292","0.443826","No"
"0x77aaa14f0c7473d34097382e345101003dade318","208.581953286465","No"
"0x77e6014c96a1c82aa2b2debcd4ab6bf8a0e02257","59.0194547571857","No"
"0x781f9157d2c1dd992921235185c521ffdd255591","0.0825254324490505","No"
"0x782b41ac34da7c14759cf50bab2980e3f392866a","73.5760264096525","No"
"0x7889e8a4f4ba8a91dec6db1be144ba351b819991","6.7E-16","No"
"0x788df41c7d6fc5fbb1c5890042c038184f55f92a","22.7252388911345","No"
"0x79460c048d72cfa52296dfeda5131a81524ed4b1","101.432122524458","No"
"0x79632ce537c16a3395ce330dc037ae09e08b0f18","881.211316296925","No"
"0x79785b784d43e2fcc6a675728b5052b8e4c4c7f0","0.0045023467832784","No"
"0x7996a4439bcd5f805b0580c2ea7778b5b7095670","9.99E-16","No"
"0x79a16004f17bfb56174d92aae98f0f3a57acca53","102.54","No"
"0x7a0a29660b7e4116ea73dca090b173b0c3ff2e04","0.0149692647724872","No"
"0x7a19b17e5653a6056c7466d7a8039ae16660ceb1","96.9712357697145","No"
"0x7aaed02f9f4c5051aefeb60249197cc0f5776be9","3.3E-17","No"
"0x7ac90f34185a32bcd8fd74c20d54fb540d76ea07","1.48781448948E-07","No"
"0x7ae1476883806b85721453bc504ba7836b6ce87c","8.54E-16","No"
"0x7b5f9d7e35a71de3c5715e938b2baa9ca6ce72d4","132.281780370474","No"
"0x7bc0ceafffc2f2322f07c3058ffbcc2fa7c2af7d","5122.8867888763","No"
"0x7be34d48fa5b65f192c912668dfa592876103f5b","4023.89871231179","No"
"0x7bfad1dd12a8010b66db7af2606793a3a7938d6b","0.282168544061136","No"
"0x7c18b9b96491dcd540a268b244289132285ab593","38","No"
"0x7c34aba4e7aeddee008d0e98e6d5d5169515b800","351.11879509123","No"
"0x7c3b29ca45fb27a55014233fd9c29b19c04ecdbb","0.0303871753628044","No"
"0x7c6b083d335e5bba943078a0407dc6aa50217dcf","7E-18","No"
"0x7c75d096ffe6ad3f01c6b222a9a4144913cc2e7e","4385.16708128315","No"
"0x7c981607189f93e1d7606346b83f7cf13bb19b47","6.52140823666E-07","No"
"0x7ca5ec6c48de5d1b73e56d1847609dbe7b2cd8e1","0.000223162045619578","No"
"0x7ce7121714feb4e8cbd1ea4812746668a91c3d55","6.19E-16","No"
"0x7d400f6ba832a18181ce4b93b159ea19f92cbf92","361.196886455807","No"
"0x7da4c183942fe13df84c7ea4b682cc1178e0b67f","77.5670473353362","No"
"0x7dd2b9b7f8f25880c2a5e6a10a4e4038e61b8b48","2.87162440968905","No"
"0x7e5cc28cc2b67080b666d77a4a5a5b110618e146","187.054904221854","No"
"0x7ea7183c4a1acd94e8efadb288b2e0bbfa918b1a","649.586199816117","No"
"0x7f03fd9f18783dae899b2e738110bb96b62ad0f0","3.01E-16","No"
"0x7fc8ef80e2aba0ef03d61d14f5cc3727db937375","2695.25055130833","No"
"0x7febbd844ab9e2ae3113ca9998e1f56373f05744","6869.30728713052","No"
"0x8006005034ed4563bd0a5db3b5d4c752205262ab","1000","No"
"0x804c3083d6565426a35482611a514948abfb00ac","1048.52483191129","No"
"0x805b066bad79cebfd31461fe42ab016de6b2b610","118.378694215446","No"
"0x80feb39530266cde522cbb8094694c6066e037e1","3.99E-16","No"
"0x812dbb12a51a5173cbae829dd451cd4a79f6a756","1784.45489296154","No"
"0x81409e4c1a55c034ec86f64a75d18d911a8b0071","1600","No"
"0x8159c140fe2256c351d4993b5ab7ebe080f4ff60","8.69E-16","No"
"0x81cbbafb1e8f6d6f1c58fd5d07d291a288b402ad","4E-16","No"
"0x81cdc5fc29a3bb4396afa87631cf4337b2c1284a","43294.5627039376","No"
"0x822307a2cb3aa5e2fb2fc861665c6a784d27f20c","878.033637933822","No"
"0x824a9d49ad1b1677af646a161e21f8dbc9ca8fa2","81.9104678691819","No"
"0x826d8bf70da731ea94e4f92c17bec5bda2faf557","2.5308777956E-07","No"
"0x82a5235c8ca8fbb4be48cff64f7cdf58fe526a2f","549.552274174357","No"
"0x82de9ad8cebf1df8d1efcd1c29d652e6fc1d583a","1000","No"
"0x8307226944e4bbb6a9534179215a88b17fb0b391","0.00331869532676437","No"
"0x8411658894d66d50d6de7c9203c11278f13da080","9.7E-17","No"
"0x84d1e7a6697e51a3eea7c131b8a755433071ce8b","864.471308696285","No"
"0x85a62ad4d116c5426ed014d6381b31011cb82976","1.21E-16","No"
"0x86daa4ef025314a15a50801ddc5ca039c7009b13","1475.27515497557","No"
"0x879c2ee5adc372d0542d65d80ebfe647ac1a5f10","352299.260188275","No"
"0x88eee372741c2e0efd86036f368062b64de18aa0","6.48827771567E-07","No"
"0x8923b770d93c124844c654aa316ddeb7cd2959d2","142.963387868185","No"
"0x89421774703570108345e3bfc3317267e2994c66","9E-18","No"
"0x89abcd47da1adcc90aa02b775c5d720cb3b88ca5","1.27919221062632","No"
"0x89b9481ec3afc4b39841e37eca3c17156cb86084","2158.43831660738","No"
"0x8aadeaf8ee72b0665cef04d45aca1fa85e844ece","17750.0084419375","No"
"0x8ab07ba74d8ebc9b1c652b7d6dbaf2e8734252f0","451.2","No"
"0x8b019a9336e6c89ec7787ec664a366b48b374466","115.011053922425","No"
"0x8b4bc82e1c0f3aa1273432754a9cbb459cd6788d","7.57445850921E-07","No"
"0x8c128f336b479b142429a5f351af225457a987fa","127.606907209133","No"
"0x8c57b089bf9e1b177fce77978e8e3348df129de7","3.43E-16","No"
"0x8c6fdbca2070590d7f2ce5b2c1ed1c305d968e5d","10.0000950501628","No"
"0x8cbd386cdd54fe9f6dd5e7371cf83aedb642c066","0.00029322893764577","No"
"0x8cdf23a14230675d330c0f41a937bd0edc89f2a2","8.3E-17","No"
"0x8d03f1ed6e0a9beba14d631438ae6e12a4306d2d","22.3399414144856","No"
"0x8d6ad7e6ed2c5b856483a609967059867566d4d1","43.2493060833259","No"
"0x8d88772ea1364068f9ab362c1185da3830f92481","8.96907840218398","No"
"0x8daa87c009e7e70e7733b8ef2786e79dd7e8bca2","202.779631190015","No"
"0x8dc82ddbf1efb4befcb577b1c0a6efb812a0c562","80.3565979705613","No"
"0x8e3d0c82da17810e3caa1d6f4ba2513db3067a65","439.542464071199","No"
"0x8e9c804db3b270b1e8713eb893ba2db5b1b41d99","3753.84697015684","No"
"0x8edeae4e41cea245c2e4faafe490ec9cc1cae9c4","0.00353295648596608","No"
"0x8f30c5a59b5284530f57596814b2b2395197e7f4","3.4728598392E-07","No"
"0x90509390cb0f4ccb9b84e58ce15ac9b22d196cc9","1407.68899937368","No"
"0x90812bf2fe5e17882d9ffa357a3ecb000f399f9c","26.2277934943539","No"
"0x90db20503a72e9db727b1db44821c706c8b41775","0.31374773273796","No"
"0x917fe0cec2cc73098abd2a9fc3dcba26f4fdd911","1000","No"
"0x920bcba669734d63db9899e968959e99adcfe850","220.943237669364","No"
"0x929a3a6f2439abc5b270b20d5dc025f11b4321da","82.6455966067695","No"
"0x9328af491d4815b84f9c2724742619dd4aa7d4c3","426.079242471703","No"
"0x9357bbc0676634edc6c6739f552a5b54650bfe94","1.25E-16","No"
"0x93d3a8d032fb58b6ee9f185a3986810a83db6c56","856.264034533933","No"
"0x93e395064978c43ae0c69786b6e2ce87ba74acc5","0.0457616034896087","No"
"0x9476f446d7d8ee7c54a00d439ca4a23009f0e44b","0.230923355101247","No"
"0x94ae52ed31db1bc284e6215fa7d3beebd6abe843","1E-18","No"
"0x94e08736426948c5f463ac243416f0473f680b2b","157.808649211211","No"
"0x9540c3c637bc5e14d5856e8a74ede50affb3accf","181.750175185097","No"
"0x95ef3e86acdd853af81e4b56700997eb189ad7e4","9.28E-16","No"
"0x966d3867ed55092a1cf8df921f938061b6d64bd2","0.630223820103422","No"
"0x96a6f29ca861b7420c586e070fbc767e357ba821","2.9E-17","No"
"0x96b13d47c17d61dc42f2152fa39cf3acffc7ebfc","9.218E-15","No"
"0x96c195f6643a3d797cb90cb6ba0ae2776d51b5f3","1.20007445899727","No"
"0x978d14bdbe910a27a7486c7322158b4a995dbf7d","326.144523492658","No"
"0x97d06ee3fb999c21dd38ed746ad537254163fbd2","427.734767190824","No"
"0x99ae3fb335c7f55c5a398b1e23327933d2cc075a","6783.14","No"
"0x99bcdfbc1986f16144ff90533f76121e0e06e034","1.30543521915176","No"
"0x99fa06f606d89c90716b849f32f9faf299b70ddc","9.396E-15","No"
"0x9a706737822abc2e478d4a863533ea1859cf148f","8.57244979287E-07","No"
"0x9a96eacb0ee0b1626232bf446a7828139d6d8b17","3.2397E-14","No"
"0x9aeb84cc65e389af4bd238d0486fad72bc93de81","25.0963123320408","No"
"0x9b15dd12cabf6ea0b9ea30bdfcbdb7b4a646b96f","4893.81514435484","No"
"0x9b8100e2245c04b6937d3cdc42df3ed3f099ccec","49.6391608661573","No"
"0x9bdbdb4a8f7f816c87a67f5281484ed902c6b942","0.000770835172740396","No"
"0x9c3cdd65c26ae73908306698fe04ca13815927b9","2.18E-16","No"
"0x9d364c4cf37d8b24b4c25ba6b3c874345827c9e6","3159.19327490177","No"
"0x9dae6a85fb4584febba0030e08852387c8c0622e","3.00259457183328","No"
"0x9dd137acc05ac10fad444d3ca356bbf57e49ed98","3.24788499068852","No"
"0x9dea480cafef5538f42720ffbd57ae55e53f3bfa","6.958E-15","No"
"0x9df9df62a2e25f2a19455166b96c1b23d3994c82","7E-18","No"
"0x9e30bdbdc4df47cb542222beae91270c06d4bcef","7E-18","No"
"0x9e46804c5cbdd6f11872386914745d4985f1b2c5","8.885E-14","No"
"0x9e4748fef62d2cd4f16bda3893e477616609db37","2.969877324E-07","No"
"0x9f071bf429cb9e9ca10abfba7a793d387c388028","2604.49603220154","No"
"0xa0009e0a00be5c7b0605d92a948b7651d2f617f8","1800","No"
"0xa029a1d7137d8980001af2bb87230fa313ad8b87","6.42E-16","No"
"0xa03d1648be58e6957c81c1c201236e189b6ee6af","1519.27778228694","No"
"0xa0516b264604099fda522b0ec6ea1412511f2230","143.376129666812","No"
"0xa05357dca4564752035be3eea105f178733a8a5b","1.52E-16","No"
"0xa1002f7afc2203396ee4dafab49cb032722f49f9","1.7E-17","No"
"0xa10b06d539bfcbe7ad776d38453b39d3a5b2e3ee","500.865511190502","No"
"0xa20ca7c6705fb88847cbf50549d7a38f4e99d32c","12.3542505723036","No"
"0xa20f9874dd1edccbec1beda894f98f45069e4205","2832.4241562746","No"
"0xa27817b1b7480a0d37f018e6ef9b74f2750ac20a","1021.18545449491","No"
"0xa3115ee62ee8d08f8829f916da1038ff3526a592","201.708321352509","No"
"0xa34af4d8c7758d757dc60aea595139b9cbeabdb5","0.102408004423681","No"
"0xa3b50a4a207b7482fba155ca0cd76f9118eb2995","8.138253","No"
"0xa478eee390001072d5cca67f3917aefb73c8a597","6.57E-16","No"
"0xa4edade797b3c429e07527b46eb0a9f60a4d4b8e","29.3697696697422","No"
"0xa5ccd262702697cda41dd97b598f4de95c596309","5179","No"
"0xa6f603974621c138a45aa02fec91f0f8367b267d","54.8590108372386","No"
"0xa7195c71aa20481fa0c093e51323f8a4d3a2f5d2","8.73181794171E-07","No"
"0xa72779184a30f87479e730978e83a367e869bd05","245.958535395596","No"
"0xa7e999cffe7e5c43eb1c20bac7c42b529f4f0031","31.4483844338928","No"
"0xa8992310f620dc8f23f9cf4fad90a2f2380d8d6a","195.29128719171","No"
"0xa8d16626576ddc7a6d61db127eeb0d8794b08613","2000","No"
"0xa8d40178ff66f261ee4d9361ac46fc46dfeaa350","2.1E-17","No"
"0xa8fff77c2667c5c2d7e9cf7ea7c9791f2f244c54","0.0114411983735748","No"
"0xa9d57c0cc32d4294821a50906d71a2de16235f7c","3.7E-17","No"
"0xaa4273346d21a935bdf1302418d9531342d8142c","0.758228320537826","No"
"0xaa63bd72d2254663a5cea2c1d74f48bab3412591","152.706469955325","No"
"0xaa9287a08cd84363d115e519767bb82d54a2f764","11270.7053205688","No"
"0xaade7af6d6e96d114c3e8876f2b32335b32bc4b0","354.546258106007","No"
"0xab0cf21461cf7ef08708facc68a209532d7d96e6","286.09894879029","No"
"0xab8310d812dd1ea7470e9798da7563f8476b72c1","7.735E-15","No"
"0xac90c389f13620a8c582746230a5c413334b830f","0.007947202658878","No"
"0xad67aa3c53d47f4d06ebbd3e9b1b4cd460bfe151","1E-18","No"
"0xad7319a4b687dfa1effc723261a4dc0b1590fa40","5.95229375131E-07","No"
"0xadaec442d7f273f969eaf31e0f302a28240d261d","30.1515098751092","No"
"0xaddadf3df10bebfff7201427d50cc0448e2e6f3a","272.907306515284","No"
"0xadffc760edf4f6146dce89022b5ae7ebb7edd2b9","50.9651368139181","No"
"0xae5f30741f62032af5a285090672407b881c47e6","98.7513658199851","No"
"0xaeb5bac45a0b46720d1933a80396bebb475e8af1","0.0348641045568256","No"
"0xaeb9b9dea3faad2c4315ac260dce2b9dafd0d9d7","209.182973524647","No"
"0xaebd04b088e939eeb132c2c23e8f3ded477cc763","1E-17","No"
"0xaeec01e323c0d1f752ec88ca32f73cecbb7835eb","50","No"
"0xaf1273fb4e8222bd2fd0442ebd45ede0da90530a","153.080354018776","No"
"0xaf779d1eddb59f1035480dd377d8187c865c20da","7.99E-16","No"
"0xaf79312eb821871208ac76a80c8e282f8796964e","9.59332690758E-07","No"
"0xafad2e0d87a9052c8740e8c38a2d1137b699bbe3","476.599558692332","No"
"0xafdd34b541367a09c5f7916e7737c067b0a01998","1.543E-15","No"
"0xafded5adf6adcf284392c7204715f84e083f004a","88.1339156487971","No"
"0xb094aa86fda5a62b6c923e5b6a5f0f2205599a85","0.582341769430693","No"
"0xb0b6f6870abb436bd1a97a74763f62f67602be6a","1.542E-15","No"
"0xb0f73dcc5cbcb0d5d416d221ff3457f02cec8d4f","192.296473007057","No"
"0xb1535a47dcc649d7447dfa44cec6ca01db4b8049","9.99E-16","No"
"0xb17eadfe2e86c1c1fdb57f406d30b5750715b3dd","3.7E-17","No"
"0xb3a24d1a0816836b0e094599ff835775edc7ff78","57.0600484272903","No"
"0xb3bbffb97114d79df7bd45808078a56053e34586","1.5681E-14","No"
"0xb3efa9a970860b50837c4188529489e8a2f41b21","3.2E-17","No"
"0xb42cb61083f7d8ef595fa82255454c9019cbf463","3703.31574180796","No"
"0xb4355ca0df05d36180653c006cd54bcd040ade8c","25.5643329958488","No"
"0xb479c4769bf338190973dcad72967626c55fa602","114.707519227126","No"
"0xb4c93d0a04d4b7966776cc2a0ba31b2c9bd40d18","0.447778375065439","No"
"0xb52882b0f5e45a73d3036a021d2d5138403c320f","5.696954162E-07","No"
"0xb55bb1219c0d0c6923e87e583e3a7be2dd265b43","9.8E-17","No"
"0xb5a48fed4d5aba3e52cfc81b21356857a7b48b4c","0.042","No"
"0xb66d7525bc7dc5576251df700525187a235d4293","6.3699153024E-08","No"
"0xb6dbf54b7313be24d3fa87dbadc6b9338d4df621","42.7497480821199","No"
"0xb72d2698170efb6eb1a6f275292207beb12f3d79","6.1E-17","No"
"0xb7b5f112690f7eabea8f5de5a85bd9b3691bd578","378.860895390372","No"
"0xb7ec8b38601ff09fe86ace3d1799bf63d2dcb2f6","15143.2680163496","No"
"0xb8365c2810e4b0fd93d1eed4a9df0a0c0dff5d6a","140.199016565715","No"
"0xb839fcad840d14575e381932e570468648ee79f7","12.2786835089702","No"
"0xb9328ae4ffadfad326eb39aa25429760ea28d043","2.6E-17","No"
"0xb94c6c822d728e77dbc4c4e77cf4811e04f39c1b","0.000770197035973236","No"
"0xb9a58d688ba18ef752dd526cf631f4ececac42da","60.0694848759144","No"
"0xb9fc3a5f5f332203b1ed2c93ee73883a25daf36a","310.722263203069","No"
"0xbad6e379394f9094d151561be39f92ab7ffb2505","5.53166198520762","No"
"0xbb7b1b9d52ef35355f243192e491a23eb2ad3ea0","956.874417203691","No"
"0xbc147973709a9f8f25b5f45021cab1ea030d3885","12.4419600277437","No"
"0xbc26d11e8815416b3e3378f0f238299e34e14a4b","330.615070558967","No"
"0xbc2e9478933d3586e6cfa940a1be7698e7603e1f","1913.40037138897","No"
"0xbc30844227f4e3cc51ae9824bf231a2169f7d162","3.3E-17","No"
"0xbc64c4ce3ec1ef732b0aeca317759c652ac4d62f","200","No"
"0xbcc324d812c940e8188ac9f38a0526235b6b75c6","4041.52485220918","No"
"0xbceb1e579b53e64b86d2f9b35aa19869d3eecd4f","4057.40982834849","No"
"0xbd485523bb960b27c38d3f9ad47f0d3a384e69ce","8.19613484854E-07","No"
"0xbd63533abbab74e5c4da3d159708a5f1879598d5","4.58333689544833","No"
"0xbdb21e816e455e1642dbe8cef6668a62e180657b","2","No"
"0xbdd9063f231a7a9185dee1d107d300e349b5c9a1","17.4943890750647","No"
"0xbde01a1082f89852fa057a9a48cebcf6667b4d9a","15478.7389462837","No"
"0xbe31a54c78f6e73819fff78072be1660485c8105","42799.8628174119","No"
"0xbe581d7567f3956ddcf1740067b080d62237302f","3.393E-15","No"
"0xbe61de390f0d8fdb9160bb65363b0b2cdb02f72c","7.2E-17","No"
"0xbe8c604c99c7bae4ccd6876c4a528945a107e05d","40077.9323364972","No"
"0xbf0d2c4cf580b9842a533ff57f95da2f33c8ab5f","100.569204113885","No"
"0xbf79fcd7e8cb43373acd4451d243b2cc53c6f2d2","3.65263111567662","No"
"0xbfe4891e8df6a676148ec550be6d72c2950b655b","91.469","No"
"0xbff798bb0dc7d938405c4429697c93677f372469","368.012029068909","No"
"0xc074887d140e276a8b892222f925440eaf3ff40b","5000","No"
"0xc0d35857e87f5ade6055714706fb4dfd96de087e","474.044426060451","No"
"0xc11ef3c4637bc28c1ae061b8f3c1481463069b49","0.0066463873","No"
"0xc143b18f67254b6c6ccad0abbaf577e7b1f77929","1.38E-16","No"
"0xc162d6cc035626034bae62d369c8408dca5088c0","200","No"
"0xc213dcbaaf56cee1a0fecf7920eb19b535d5d928","76.3093634623989","No"
"0xc2280f7c7eb261ca7f45d13768d6d62c543e3d90","88478.6355295425","No"
"0xc2345e14e772acebafe90a6f4f0f04057a3ef127","40284.6665229225","No"
"0xc24ee9ca6bacf046df7bdc4a243b69a171533bbd","1000","No"
"0xc2d4f42d80eb5f3d5168a8217a193b2c71996caa","21980.6853540453","No"
"0xc331a4ad88cf4addace07bcfd899cd1e47ffff35","1000","No"
"0xc34771eb9a54786c35dc5f3e9f1469b56061d440","69.8136705578194","No"
"0xc3660ee9c357bf631af63621385dcf9d5cf2f301","120000","No"
"0xc3a3c25fff123d85f88045110e7b217a3880185e","2.57213440409532","No"
"0xc3ed817de679c415b68ba3a0f8eea9d5b1fb6da2","20.9816838965727","No"
"0xc3f15a248ce3f4f9a9f2c172667dba9ff6f5b739","4.03967298199E-07","No"
"0xc434c1d20b92e2e5dfa408547ad43159eb669c87","11173.7669961009","No"
"0xc4389aa1f0f9845dde5a266ad156d9afce30b852","20.1015557318777","No"
"0xc4778d787a248f03bd6118d485ae8aafe3d88409","2.5E-17","No"
"0xc4a30458b226630d3fa9961c24974f4e6b043afe","0.0430529883735308","No"
"0xc4d5d22abe4c4ee2813f8e9f71d226207eff9c49","6E-18","No"
"0xc590d299f6504d76997b27ca0de933b2b6afb7e4","49.9155507603661","No"
"0xc5b091fcdd9a4bd0894d03250e59069628b040f0","6120","No"
"0xc5cbd33ad0d517eecc947c1cc3c593e9b3cf2287","2.86E-16","No"
"0xc5cf8d4bef8c4897bb596c8e2a671767ad691964","70.0081157974325","No"
"0xc6920d3a369e7c8bd1a22dbe385e11d1f7af948f","4.54169628464707","No"
"0xc825dd260adc29b078eb4135679f22adb381488c","0.344447523871167","No"
"0xc87a27bbb9d287151da33eda6260185c353a28c1","0.000789160217730358","No"
"0xc8b93c4079841353760dc7d268490ed61040d91c","14.9322289026691","No"
"0xc8e1f4ac50d7d41ce3daa47dd8ae5bd884b4e30f","6.116000153E-09","No"
"0xc8e41a31815bdc40f9bb73806b4e7670af9c72e4","1.401E-15","No"
"0xc8f1334de13e780857f55074a2454b2445257f5d","851.234859096925","No"
"0xc9e70f0e2f72b75a51df3ee77da5548ac8193bec","24102.0478092979","No"
"0xcabe02e51448e03a55a1da5540e8b07ca0835d97","7463.59047267305","No"
"0xcadcd79afd42c14dd37c03f71017c8e6de8872ba","0.201931628990315","No"
"0xcb22237f7ffa2114f0ddad9ae71bef747d29ec6a","5.09E-16","No"
"0xcb4508a9fdb342ce704f465817c8eb22f669c574","6.722E-15","No"
"0xcb5a37b0e885857db5d18691583738d114bc77b6","132.153291732786","No"
"0xcbe3b1ab39cfeaef1734558a992dee8af24b5b83","2.02156485058907","No"
"0xcc74af5e3b374d9d25d5beb8725224165e3f146b","5.3E-17","No"
"0xcc8886d68d2cb81fdf664ada8b2da81cad5d5ead","610.034354820288","No"
"0xcd5f3d55c0c6ea1433ce21750a2559337edc7d9e","6.36E-16","No"
"0xcd70a36a0509f5f0b0c1c6273f04eaed777ff9bd","21813.2322152817","No"
"0xcd8d5a5d105dfb1d5c165ebe6cfa1e25deae1d5e","24379.7689336909","No"
"0xce075ac8749f64698fa9f12df6866bf0ac08f07c","1009.82807766909","No"
"0xce0bdca2bb503639ae43e280fba9a49f966f7b8a","9.53E-16","No"
"0xce312e4d297fed6c41630dffb6f0463710190a9e","5.08E-16","No"
"0xce399ed954c243f4f14be993e1a6cf064f6babf2","300.606817569028","No"
"0xce468c4ff74cc590b27b5285866d6d8386ee8ba2","0.00153886387858271","No"
"0xce58deb520150a6e53bc02553414e590e14dcba8","0.834910050513458","No"
"0xced122f9b99d224675eeda13f0c14639c5633f91","62.536202335158","No"
"0xcf329b0db84829bd7c0ded5a13181c32755b10b2","2.78545563135536","No"
"0xcfacc634a768a78fbf85f8184ba409e350012b9a","618.446094278653","No"
"0xcff4b12d4fdac0f9c17a10379dc7977bccab8d1a","2.647E-15","No"
"0xd00066d6a98816bbcc9e3d31942c344a951dc054","80.7888079972577","No"
"0xd074f0b31605259d798294d1a2fd83357c87f87a","190.830315593712","No"
"0xd1275eb5d5ea553bb52f00cf8025f07b50a66329","531.629600924704","No"
"0xd131f1bcdd547e067af447dd3c36c99d6be9fdeb","5E-18","No"
"0xd1a9371a6b1fa255adde165757c00d1d8b75f565","447.772107730791","No"
"0xd1c9b7247768e3cbcb2fec48db9466bedea4b1a7","1","No"
"0xd1d870f253fcaed7902d9a4a40dca7cc49b83974","0.0227126987694432","No"
"0xd2c0a4319556c280479872e9c54c568bfd8adc1b","2","No"
"0xd31dd2c9c4e40def65eed658a95d624c5b05b70a","1.94827524401865","No"
"0xd3cc7492e190e0dcf1240c001c7fff4f437bad3d","863","No"
"0xd4002c9142f9aad2972cc9cba6d91dd9329780f7","8.5400295601E-08","No"
"0xd4009883a6797fb71e172b1f5c65d6863aadbe4d","6.54690213059E-07","No"
"0xd457e42afa6d1893d90225bc25c99457469ef461","0.0085170350661564","No"
"0xd4d00a14d2d3181dbebeaf062933d150e9bafb27","9.46E-15","No"
"0xd50d2876845f7c481b79f989753ec58f68064bf1","1.31436640696E-07","No"
"0xd512137935e8a75f678f4a8853378f3de05dada0","1","No"
"0xd51b681526ba8ec9f54b07c3274a9e5bf0c10111","3.93532537244E-07","No"
"0xd59029949c8ee23fe049afd2d1f52042f3d54a41","8.081E-15","No"
"0xd59586b52f6f8c90c04c2b9718be7b2ac7d6cc61","4.10461030424E-07","No"
"0xd5af8b8cd674d2698b1f294d5c405e96a0b5ce25","4.099E-15","No"
"0xd5e6221a870080fc4649bf6669ec43aad593b991","0.041449885313417","No"
"0xd603d096be888f1acac16dbdb822ad21f920e4ae","0.004457445","No"
"0xd61b8ec2d34fb8ccffbf5429f2649ad75cadd088","250","No"
"0xd637c71c5f129d90825ffd6fe27a54533774aa5b","0.0001565828825988","No"
"0xd69c9fb62f52339e7ad423cc56e44d83777ade15","6.6E-17","No"
"0xd6c77d6026a63a0c65af6f9d13393ff9cbc0360f","8.95E-16","No"
"0xd7098bd573f45b26b4f4993c41edeee2fe7170cc","141.103131738972","No"
"0xd7ba4591c5b27579ee8b154e0e537b903b30dbe6","99.9388180520319","No"
"0xd7d41b097c58b3b4b562207c7a90d24da33ade33","8.91E-16","No"
"0xd7d7c9d11435c495b25018a6ad93dc19eaf7d9b6","7E-18","No"
"0xd8abbc1aac264f84d3aae1e6e501fe8ec3eb99d1","3E-18","No"
"0xd8b3b1b185c9a278bd20265c846a5f4c1010cd0f","9.73E-15","No"
"0xd945edd602fd69c08c81aec18f991d295875052c","264.883326695931","No"
"0xd960b6d58dff3137ec66b8b1e86290df00c4bc96","0.642762418893675","No"
"0xd9c7e2d87993db89255a7b0a70649c601e5221ae","4.477072579314E-06","No"
"0xd9d7fe67babe8571a1565653b6505a5275f0f347","62.6768733561897","No"
"0xd9d8984a6dd04d992f6c52ce2ccca5ca5026210d","6.75085397607E-07","No"
"0xd9f2257daa72698213200d3481b97b9dd2c84e51","0.00370866251185541","No"
"0xda1343d66d39e89322b7b5af6635cc2e9b2d5065","76.839045821165","No"
"0xda35f277202c1ca5213ce2b4a1389cfab8501bec","7.4815E-14","No"
"0xda8acbe7226db38fb12167b9bd6e48e520a82e5d","5.59776832488242","No"
"0xdac29b9ab5b19cc71e6ab1b651998faf56cf8b4e","0.428567352685019","No"
"0xdb42c0eb30d82ac837fd48a8e156fc2ddaed629d","2044.36037485052","No"
"0xdb611d682cb1ad72fcbacd944a8a6e2606a6d158","195.255883231979","No"
"0xdbeecdcab255d92110f967e1b610317626ff1392","79.9587520163765","No"
"0xdbfc3230dca0b50df050ac5d3d42bf1ecba1b82d","2.577E-15","No"
"0xdc4e3329a12c8dea74c950c2c30600c4b3f383f3","399.957204166758","No"
"0xdccf8f1ffedf6238085cd3f3184ddfa9a6b14463","6.1E-17","No"
"0xdcf2863ab51c24822e98e3a177e74b9fb7c6dd6a","35.3600300894594","No"
"0xde592875f77b569e92faea5e7fe01215a32b8ea1","13.0059193015386","No"
"0xde712619f118df76185d3bab9eebce1b6159a736","2.885E-15","No"
"0xdee62d9565c1403939f0b82f793bd3da19510cdb","1000","No"
"0xe017988866d1a4b7f0db8c86edd72f7d7dad2a38","9.85089763326E-07","No"
"0xe07dbb709ce0007977f0bdff13632042e82f5b5a","1000","No"
"0xe0eda505fe162a4319ee1b887b1b598906e8ec4c","499.424873431617","No"
"0xe12d731750e222ec53b001e00d978901b134cfc9","1.55289791670039","No"
"0xe152d1909740a4194cd1cbabfd6c4a3d9361c20b","6.8E-15","No"
"0xe19e1596b072a64b63bff4364bb08ab123b9a076","1E-18","No"
"0xe1f7b336b5acf262833afe9139eb7b866e409c62","7.45439948E-10","No"
"0xe27597af91352537f4ea74622b5a2ba6d464d9ee","131.564764179417","No"
"0xe2a505bfe8fdbf897310ad89364cb0e04b5e3d9c","124.834902311954","No"
"0xe2c7dee4458f16e7e2c0c7c2d5938f33a1d6e452","0.443826229902182","No"
"0xe2c8f78c4a73c71ab3744434addcf2b516ec602c","793.70360644921","No"
"0xe2f4ae60152decc4e136a0cf988a81d813db8a83","2.1E-17","No"
"0xe32d02fd54e53a4d3f4db2508eaa15540abe8889","3.644E-15","No"
"0xe3c999a18bfdd1745331a624e5a15fce3537322f","516.8689931005","No"
"0xe40617fd297164db4a57d72ba507968216522f75","4.806E-15","No"
"0xe55322897fc298841d9bb85d094af69c2decb9c6","74.0021331469365","No"
"0xe69dab397b59f52dc8b65c01533a17538a07e2dd","124.843533748209","No"
"0xe6b2232a24c76dbdf1a692a8e522bad9c2fbf9e0","6134","No"
"0xe6d02b67a4b6befb0611630a7239836664044a1b","7.78879733076E-07","No"
"0xe72c1adabeba9f743af60d4deb45bcfa090a5320","164.387871849233","No"
"0xe76f037ff94fc7f7d5f390de83780cdd23bcf375","17411.9767139915","No"
"0xe77829a44c9331a2b4db1ac9e6ddfb6fdcf24eaa","1064.54881526057","No"
"0xe7ca372e697edb3acd2354219d055972c4ee4539","0.0003458385947772","No"
"0xe7d304a8bd5e5c27aa86c5bcafe2d834c4578367","4.61E-16","No"
"0xe9123b736c6396cb66e4b635b32aac73a5b2397e","122.319542686324","No"
"0xe9db81a85fdc1f28239bdca8d3054ad39f44a8d5","250.00001895645","No"
"0xe9ec891ead0e2a4bd3b14f86b9b4ab8efd1d5180","0.0115335212801864","No"
"0xe9fc3145233eda41b680795b5a89832fdf02787a","4.061E-15","No"
"0xea2e5f4199e95cee4eb9a53c4c959701bb9d57af","730.239451376322","No"
"0xea40e12c5a7c61b5d44a4a1c0f7b5903068b5871","5.5405E-13","No"
"0xea5bf93cfc6a9bbc57da4e270980b5eb2ccc68ec","11.7240788483121","No"
"0xeaa900226fdc84693f563196aff2d58f648b6bb5","2885.39","No"
"0xeb2156fb13b8eead7fa457628800a4cc89839690","28.0272242674528","No"
"0xeb467ad6d400a445d0328a0f3bda8b9f5fe9792c","1.43471351809E-07","No"
"0xeb47892eb033fd5f87bb4a288224a4da02df1153","439.870454461722","No"
"0xebffcd117048422e6f5a6f4a6a932eaebc8fbf34","3000.06255933373","No"
"0xec61a073c8120e84c9637c01fb2457128c11ec65","2.756E-15","No"
"0xec8225ab2229f21f8e08afb0b8c4ca9352dd1903","723.604304231543","No"
"0xecb7e6f3b6d3ba068cef7c79b73629af79ea6f40","9995.78361347283","No"
"0xece3b1d6ba897e5a1839f83bfddaa34606169024","1773.79838524773","No"
"0xed6f4085ec6a3a4afd08db47599b9c61abc36a02","655.992","No"
"0xeda6f3d1e6d5e88c5ef264556196b3cf4691e26a","28.5528474378034","No"
"0xedc5ffc0278ff657307516630fd6c9db5e34a3ea","787.117009264816","No"
"0xee420ec82033ac5350b6d633a02cdf3fccbbd273","1.81443105026E-07","No"
"0xee74f57f8bf4df1566ebe203b843f88a2cc3547d","6789.96871331595","No"
"0xeec6c035ec0c585a77b5f33a8e386c73f65b2e70","750.67541530593","No"
"0xef52f55116badd0b2f00af07421f6d57bbb98f22","4600.03879453394","No"
"0xef53abe35329e400830aea7266c5eed66779cda5","1.68863301580268","No"
"0xefa1c58dd207811e1165a8dc48d53faa2bd727ad","2.18E-16","No"
"0xf0716a39e3a36116a64240074683e9890e0760e8","10270.7480645528","No"
"0xf0d60da5a6d88b234bcafb991cc20dbd0fd750e3","10239.1624673387","No"
"0xf0fdd2e4464978ae72ba952a37a8a772fd5552e4","78.1292625095833","No"
"0xf1fcc66c13c4cccee4479acbafcec99efa86b32b","0.073526415195002","No"
"0xf22862b5c8d5a17a68536521e0c82c5387bd65af","135.072319340731","No"
"0xf28e7c0da7d29e037046deb3d510b4cb33515c6a","0.454381559835454","No"
"0xf2da34a196b739811a593c9fc434f23e099a03d1","8.886E-15","No"
"0xf332ce542a7f9faf1e935d2f72d0c4450dc3682f","7.29E-16","No"
"0xf3576a7bca11a6eb26c4a6ba1beaa275777517a7","2.58480413469E-07","No"
"0xf37304aa289c9206b23ec161bf216d19c0463063","0.0148606259933771","No"
"0xf3ae3832221f430cf2736c77fbde38fa1ee5badd","202.480946946649","No"
"0xf4944515e15b75f649d81985941d143d51e9ebb1","1000.00000071987","No"
"0xf4d35da7591b2fa0d497b3c79ad196813aa4b80e","2310.25536569912","No"
"0xf505a19c4e94384eef76ee454c3261d2052987c1","5.27E-16","No"
"0xf53126d4684eea20a43fe8942d2f5e7ac910f8f6","0.472655591812079","No"
"0xf53880230dbc4c7c12f0591f9f924959deb47c28","19991.4864432802","No"
"0xf54dd676da14ef761e349f57b331d68087d7dccd","1.02298635529212","No"
"0xf5be33696ddd21df300e112135fa44d42f9a3e48","0.0146369696174395","No"
"0xf5eaabe23ca81e07bbca78dc9ccf96ff90232d51","1.69429582805429","No"
"0xf5ff296d4b9c856bed217ead0373cbd6480cce8b","7996.86598884492","No"
"0xf6210eb2227060d873bea260298e6f2cf10a8316","14.8820040667391","No"
"0xf694f71dfc3dfe7c7532d5f075f85e2a496e550c","632.981254459065","No"
"0xf6bd976ed9a64e8ae287c024583b17b68f243dd0","31","No"
"0xf83858e57d9f804f5ca1603bce82558119aeac7b","358.313621158237","No"
"0xf8d22738aa60c866d80b85b178f238bea886caa2","9.22479590847E-07","No"
"0xf92464b48cc7cd8b17ec8c1f28a5c370be3baeac","8.1365236093155E-05","No"
"0xf961b028d053d82439e462d2911188db483161e5","21602.5840360719","No"
"0xfa1bacc6441affca34f8b8b69bf54f4ea68a380c","0.00387363167887338","No"
"0xfa390e05f6c3a104f4ca18cc08e7a7f25e06f093","79.5356496083454","No"
"0xfa7497ac448978d91d27dca5c7b392a7ada2c8c5","63.239319136402","No"
"0xfa8c95a4331f8ba603aeb5b88f1710e2f039605a","0.1","No"
"0xfacc06bc113dd0e60262d60604c3c5044cc7fd4b","6.278E-15","No"
"0xfb02b8012dfecb24464c3d76e44655566faf3530","10","No"
"0xfb15339d187a76af62698f73d700e1f8536f03bd","8.3E-17","No"
"0xfb4e0f84865af3aa2836d764433c8a0bb1d22560","26.8258946259011","No"
"0xfb634a3409fb20166d622a34ffaa0f45c72883f0","3046","No"
"0xfbbe90dd04250b5e789ed9d1bfba2476e524a852","47244.9429194752","No"
"0xfbf1065c8a33747d85ec121925238128a743be80","53.557975043509","No"
"0xfc5a8862e9eea298ac3d87005a6dd1d2dbfea3fe","1.665E-15","No"
"0xfca8b0d152a2bbcd308809e8dbe2710de0bc8aec","79.0585673159512","No"
"0xfcad67bbca2bb963f77c58e87b976341c21adafb","0.042999159538692","No"
"0xfe3f93689ccfece627d7c6b0c4a4609ec1015cb6","231.62091318326","No"
"0xfe4fdc565306382d61a503e5207b11cbce25d5bc","0.0137430989505735","No"
"0xfe83fd8a7544b5fc5796e34c80943c4963826d6d","4.47E-16","No"
"0xfecd16177770137f7885141c4d95e07533999d8d","124.020375615662","No"
"0xff627204d496834606f28f30121986f0cda77725","3.28E-16","No"
"0xff6a85ee4505b699b3e4131f37b1dbd6872eb3b5","3000.01141857528","No"
"0xff9bf838cc536d02b5a6faba53314cba97b6a95a","4.42E-16","No"
"0xffe2260ffa5ebadaf126363bb8bf962b4b5c96b5","25.5089646796577","No"
"0xffeb122a31cd9bba428adcc1427c33dfca3aeb10","2500","No"
"0xffebf6d66311148429a29ece5745c75d02b331f9","1792.18693006635","No"
"0xffec26c4ff03bbaf5119b797595f7e73062cbd98","40.0206084880202","No"
